layer_id,name,D,M,N,Q,alpha,alpha_weighted,entropy,has_esd,lambda_max,layer_type,log_alpha_norm,log_norm,log_spectral_norm,longname,matrix_rank,norm,num_evals,num_pl_spikes,rank_loss,rf,sigma,spectral_norm,stable_rank,status,sv_max,sv_min,warning,weak_rank_loss,xmax,xmin
8,Linear,0.12618246718985204,512,1024,2.0,10.578931552027065,0.7143607187182531,0.9870464126703219,True,1.168225646018982,dense,1.8170532056932187,2.3177117095857094,0.06752673606072931,backbone.layers.0.tada.tada_pre_proj,512,207.8316615074873,512,39,0,1,1.5338566248513918,1.168225646018982,177.90369712882534,success,1.0808448791503906,0.1906404048204422,under-trained,0,1.168225646018982,0.9104974865913391
9,TAdaConv2dV2,0.05256466867266105,1,1,1.0,6.024769233348894,-13.91302656621283,1.0053858568554663,True,0.004905638284981251,conv2d,-13.267765255873032,-0.05147082589099362,-2.3093044774561786,backbone.layers.0.tada.tadaconv,1536,0.8882376424502288,1536,70,0,512,0.6005747943001846,0.004905638284981251,181.06464252971796,success,0.070040263235569,0.020665673539042473,under-trained,58,0.004905638284981251,0.002057876205071807
25,Linear,0.046987452265917995,512,1024,2.0,2.530889104080235,-5.852194727430545,0.8740823770555959,True,0.004871830344200134,dense,-5.663044398648394,-1.2013347064502922,-2.312307843909789,backbone.layers.0.tada.tada_proj,512,0.06290212155886366,512,79,0,1,0.1722384808660153,0.004871830344200134,12.911394099293299,success,0.06979849934577942,0.0016195648349821568,,0,0.004871830344200134,0.000202687835553661
27,NonDynamicallyQuantizableLinear,0.0769950453335686,1024,1024,1.0,4.90805258813952,1.6901247941474171,0.9394217228653922,True,2.2098231315612793,dense,2.06878234912997,2.2071533028986092,0.3443575152865441,backbone.layers.0.attn.out_proj,1024,161.1214282121402,1024,153,0,1,0.3159473257130924,2.2098231315612793,72.91145880001041,success,1.4865473508834839,0.0002108686021529138,,5,2.2098231315612793,0.41585806012153625
30,Linear,0.0184640158816618,1024,4096,4.0,2.3987275083911044,5.013845450233322,0.7020128622815287,True,123.0865249633789,dense,5.073309489714978,2.7025324363796512,2.0902105106537308,backbone.layers.0.mlp.c_fc,1024,504.1182690421083,1024,148,1,1,0.1149746929478216,123.0865249633789,4.095641413161149,success,11.094436645507812,0.004115779418498278,,0,123.0865249633789,0.6748153567314148
32,Linear,0.03659346328024826,1024,4096,4.0,2.3337565931771227,3.3557584614094864,0.8306558656104858,True,27.410778045654297,dense,3.6956390963512282,2.5087945319182015,1.4379213630162835,backbone.layers.0.mlp.c_proj,1024,322.6967057409347,1024,244,0,1,0.08538501639016383,27.410778045654297,11.772621163961999,success,5.235530376434326,0.03039580024778843,,0,27.410778045654297,0.30211204290390015
37,Linear,0.13070234246683476,512,1024,2.0,8.268669417148468,0.5481227674124386,0.9869708240030352,True,1.1649012565612793,dense,1.7925771609901862,2.31797324795713,0.06628911373281919,backbone.layers.1.tada.tada_pre_proj,512,207.9568584114313,512,55,0,1,0.9801071842664542,1.1649012565612793,178.5188720847532,success,1.07930588722229,0.18757595121860504,under-trained,0,1.1649012565612793,0.8425279855728149
38,TAdaConv2dV2,0.057098392650499374,1,1,1.0,5.994886254560066,-14.025812390441896,1.0085792387776564,True,0.0045747836120426655,conv2d,-13.344622908848175,-0.03612133644916378,-2.339629443306457,backbone.layers.1.tada.tadaconv,1536,0.9201924455698819,1536,78,0,512,0.5655594994202879,0.0045747836120426655,201.14447449439277,success,0.06763714551925659,0.02927926927804947,,55,0.0045747836120426655,0.0019855182617902756
54,Linear,0.04733715949315315,512,1024,2.0,2.4826075585460305,-5.384067615845567,0.865906013779031,True,0.006780867464840412,dense,-4.970154190918287,-0.9784038719841516,-2.16871474402455,backbone.layers.1.tada.tada_proj,512,0.10509840570193774,512,72,0,1,0.17472697641438825,0.006780867464840412,15.499256731809789,success,0.08234602212905884,0.0021610669791698456,,0,0.006780867464840412,0.00035304937046021223
56,NonDynamicallyQuantizableLinear,0.03550972863835811,1024,1024,1.0,3.81207407204673,1.258427674561232,0.9478272416270218,True,2.1385345458984375,dense,1.8270039338456472,2.2187205114475246,0.3301162702448678,backbone.layers.1.attn.out_proj,1024,165.4704741839949,1024,134,0,1,0.24292620012371727,2.1385345458984375,77.3756376773786,success,1.462372899055481,0.0002371531300013885,,4,2.1385345458984375,0.39744114875793457
59,Linear,0.029799527934686487,1024,4096,4.0,2.8209994787885413,5.464547684392818,0.8654974358410069,True,86.51597595214844,dense,5.48196656259862,2.873794274588865,1.937096311247647,backbone.layers.1.mlp.c_fc,1024,747.8151763489004,1024,91,0,1,0.19089261412925443,86.51597595214844,8.643665729003777,success,9.301396369934082,0.06106982007622719,,0,86.51597595214844,1.949761152267456
61,Linear,0.02755340796639738,1024,4096,4.0,3.7813881476360227,4.338826320821023,0.9562164967754938,True,14.041589736938477,dense,4.375515579721256,2.659361374663091,1.1474162797948921,backbone.layers.1.mlp.c_proj,1024,456.4165403249208,1024,127,0,1,0.24680828780176517,14.041589736938477,32.50462012319372,success,3.74721097946167,0.05498106777667999,,0,14.041589736938477,1.0866574048995972
66,Linear,0.1196093056943135,512,1024,2.0,35.77556725873496,2.613233812210009,0.9871661421464587,True,1.1831647157669067,dense,2.9266082840638075,2.3161158783154074,0.07304520969047562,backbone.layers.2.tada.tada_pre_proj,512,207.06937769427896,512,8,0,1,12.295019714130182,1.1831647157669067,175.01314477592427,success,1.0877337455749512,0.1903492510318756,under-trained,0,1.1831647157669067,1.0862332582473755
67,TAdaConv2dV2,0.06283092285425118,1,1,1.0,12.068521940879707,-28.981527643971265,1.006610956032738,True,0.003968123346567154,conv2d,-28.584207113063286,-0.035766551747275825,-2.4014148365428354,backbone.layers.2.tada.tadaconv,1536,0.9209444781255552,1536,19,0,512,2.5392930839293326,0.003968123346567154,232.08564797318348,success,0.06299304217100143,0.023259276524186134,under-trained,63,0.003968123346567154,0.002853596117347479
83,Linear,0.03211111808099365,512,1024,2.0,2.6377812624283785,-5.080334949252211,0.8768599354321501,True,0.0118580162525177,dense,-4.804150634331367,-0.7620456651100234,-1.9259879587495374,backbone.layers.2.tada.tada_proj,512,0.17296344823898835,512,63,0,1,0.2063410439193763,0.0118580162525177,14.586204349506154,success,0.10889451950788498,0.00320257106795907,,0,0.0118580162525177,0.0006455030525103211
85,NonDynamicallyQuantizableLinear,0.018301306258157624,1024,1024,1.0,3.9631479875855855,0.8049550159668034,0.9692675073953018,True,1.5962834358215332,dense,1.424266910217348,2.1901161799381654,0.2031100071176487,backbone.layers.2.attn.out_proj,1024,154.9231004766094,1024,133,1,1,0.25693751612107946,1.5962834358215332,97.05237616330814,success,1.2634410858154297,3.751945405383594e-05,,3,1.5962834358215332,0.3378196358680725
88,Linear,0.02464530095860054,1024,4096,4.0,2.7359214848605826,5.353972793596953,0.883010781699162,True,90.55606842041016,dense,5.361647902795046,2.846824196324262,1.956917558937106,backbone.layers.2.mlp.c_fc,1024,702.7877717504743,1024,187,0,1,0.12694315123283664,90.55606842041016,7.760802605605116,success,9.516095161437988,0.06108292192220688,,0,90.55606842041016,1.0470571517944336
90,Linear,0.026395279145319195,1024,4096,4.0,3.299278552881342,3.8583897427202847,0.9584754768118913,True,14.772863388061523,dense,3.954193212488265,2.6588681541933017,1.16946468171069,backbone.layers.2.mlp.c_proj,1024,455.8984904550016,1024,96,0,1,0.23466913462850822,14.772863388061523,30.8605365445557,success,3.84354829788208,0.04613897576928139,,0,14.772863388061523,1.1220623254776
95,Linear,0.12427157694886426,512,1024,2.0,9.215682668930521,0.6898197843717291,0.9867318361888957,True,1.1880995035171509,dense,1.808068426403218,2.316884253172867,0.07485281439836976,backbone.layers.3.tada.tada_pre_proj,512,207.4360591582954,512,46,0,1,1.2113363238550021,1.1880995035171509,174.59485383523767,success,1.089999794960022,0.19297927618026733,under-trained,0,1.1880995035171509,0.8782680034637451
96,TAdaConv2dV2,0.07419898887275023,1,1,1.0,4.142243732396529,-9.938793462246718,1.0083578449244888,True,0.003986810799688101,conv2d,-8.629829664018843,-0.03639073796900565,-2.399374373969189,backbone.layers.3.tada.tadaconv,1536,0.9196218088692878,1536,213,0,512,0.21530299289644253,0.003986810799688101,230.6660273272141,success,0.06314119696617126,0.023199796676635742,,42,0.003986810799688101,0.0013749911449849606
112,Linear,0.03774722470184122,512,1024,2.0,2.6423356989120896,-3.809402070369767,0.8466418432695499,True,0.03616764023900032,dense,-3.7558432694736927,-0.5593281198248296,-1.4416798258972867,backbone.layers.3.tada.tada_proj,512,0.27584929615932197,512,64,0,1,0.2052919623640112,0.03616764023900032,7.626964168424456,success,0.19017791748046875,0.0037624225951731205,,0,0.03616764023900032,0.0009488789946772158
114,NonDynamicallyQuantizableLinear,0.053539330055414336,1024,1024,1.0,3.833550860947455,1.0535832344645117,0.963270399771272,True,1.8829214572906494,dense,1.745944624391522,2.2257977936909557,0.27483220457498264,backbone.layers.3.attn.out_proj,1024,168.18907950411332,1024,66,1,1,0.3487860002397941,1.8829214572906494,89.32347063808064,success,1.372195839881897,0.00013834350102115422,,3,1.8829214572906494,0.5180954933166504
117,Linear,0.028872685643414248,1024,4096,4.0,2.9010543361466645,5.196692267258672,0.9239447847300601,True,61.84599685668945,dense,5.2129358354341,2.895644143682949,1.7913115940328082,backbone.layers.3.mlp.c_fc,1024,786.4011568164133,1024,146,0,1,0.15733237631480448,61.84599685668945,12.71547386710695,success,7.864222526550293,0.012284033000469208,,0,61.84599685668945,1.4602527618408203
119,Linear,0.036661860640321176,1024,4096,4.0,3.9792642419435373,4.229729426545229,0.9802461427262258,True,11.55959415435791,dense,4.301760742779113,2.7145992518347835,1.0629425867128042,backbone.layers.3.mlp.c_proj,1024,518.3215334964916,1024,111,0,1,0.2827792476700216,11.55959415435791,44.839077096931376,success,3.399940252304077,0.04970401152968407,,0,11.55959415435791,1.188314437866211
124,Linear,0.11865297951714271,512,1024,2.0,23.17382515279015,1.5232993851181644,0.9870765616014641,True,1.1634122133255005,dense,2.2160577566549655,2.314799055509997,0.06573361864408292,backbone.layers.4.tada.tada_pre_proj,512,206.4424742422998,512,13,0,1,6.14991258165831,1.1634122133255005,177.44568251712272,success,1.0786159038543701,0.1902933269739151,under-trained,0,1.1634122133255005,1.04551362991333
125,TAdaConv2dV2,0.04890300739602438,1,1,1.0,5.757911997691852,-13.445855726405576,1.0065597071457324,True,0.0046217190101742744,conv2d,-12.696201108752616,-0.0382726976752171,-2.335196462154259,backbone.layers.4.tada.tadaconv,1536,0.9156453670603838,1536,91,0,512,0.4987647001637659,0.0046217190101742744,198.1179221507577,success,0.0679832249879837,0.024497170001268387,,52,0.0046217190101742744,0.001960952067747712
141,Linear,0.032097111107100895,512,1024,2.0,2.884711521435504,-5.077244180759546,0.9032772189786107,True,0.017375901341438293,dense,-4.670995879438341,-0.4171827937881285,-1.7600526579631728,backbone.layers.4.tada.tada_proj,512,0.3826636469566438,512,52,0,1,0.26136246269205604,0.017375901341438293,22.022664576488022,success,0.13181768357753754,0.005027567036449909,,0,0.017375901341438293,0.0017039705999195576
143,NonDynamicallyQuantizableLinear,0.05237807560477348,1024,1024,1.0,3.5883116437843467,0.6150763560076815,0.9723789209821849,True,1.483922004699707,dense,1.5813896141344874,2.222486740286876,0.17141107491962504,backbone.layers.4.attn.out_proj,1024,166.91168455955383,1024,102,0,1,0.25628104145509883,1.483922004699707,112.48009264026705,success,1.2181633710861206,0.00046906087663955986,,2,1.483922004699707,0.3975413143634796
146,Linear,0.021781270706155986,1024,4096,4.0,3.9184143312455437,6.342442475841673,0.9570209179767982,True,41.55514144897461,dense,6.347091763882934,2.9481845907419135,1.6186247649379144,backbone.layers.4.mlp.c_fc,1024,887.5331653298344,1024,87,0,1,0.31288685863786075,41.55514144897461,21.357962802740854,success,6.4463276863098145,0.06150555983185768,,0,41.55514144897461,2.3560056686401367
148,Linear,0.045753182161053535,1024,4096,4.0,5.009058657904277,5.094817994564577,0.9817019687094687,True,10.402095794677734,dense,5.140823654995002,2.77997431291635,1.0171208489493275,backbone.layers.4.mlp.c_proj,1024,602.5239477197174,1024,23,0,1,0.835946516973353,10.402095794677734,57.92332233933096,success,3.2252280712127686,0.05291158705949783,,0,10.402095794677734,2.648472309112549
153,Linear,0.11705120767832283,512,1024,2.0,22.87304150537675,1.6644617005612037,0.9870814179276026,True,1.1824140548706055,dense,2.254537883900914,2.3125020444036206,0.07276958336170289,backbone.layers.5.tada.tada_pre_proj,512,205.35346932709217,512,11,0,1,6.594970154291375,1.1824140548706055,173.67306188656943,success,1.0873886346817017,0.18653811514377594,under-trained,0,1.1824140548706055,1.0566209554672241
154,TAdaConv2dV2,0.07989636043801704,1,1,1.0,3.915753708145429,-9.274535389875517,1.0052843884258253,True,0.004280371125787497,conv2d,-8.013840992246047,-0.03806887426881529,-2.3685185742358916,backbone.layers.5.tada.tadaconv,1536,0.9160751992757482,1536,221,0,512,0.19613481934632943,0.004280371125787497,214.0177036885347,success,0.06542454659938812,0.024764765053987503,,50,0.004280371125787497,0.0013504702365025878
170,Linear,0.030135844161593983,512,1024,2.0,2.6849411943096944,-4.268783793291054,0.8940288084162561,True,0.0257099699229002,dense,-3.7327610583410613,-0.22186262270251364,-1.5898984314211657,backbone.layers.5.tada.tada_proj,512,0.599980833929294,512,63,0,1,0.21228263685293383,0.0257099699229002,23.336504699481715,success,0.16034328937530518,0.0062087164260447025,,0,0.0257099699229002,0.002332858042791486
172,NonDynamicallyQuantizableLinear,0.05018468264740972,1024,1024,1.0,4.576021990813355,1.59880180935367,0.9632031548389417,True,2.235562562942505,dense,1.9876042079862515,2.25526015999627,0.3493868282458788,backbone.layers.5.attn.out_proj,1024,179.99488345402307,1024,46,0,1,0.5272556775784506,2.235562562942505,80.51435752131633,success,1.4951797723770142,0.00025168544379994273,,1,2.235562562942505,0.6893664002418518
175,Linear,0.02130285716957725,1024,4096,4.0,4.05106306119423,5.35794515158468,0.9814848193323957,True,21.018526077270508,dense,5.419511571955192,2.979220018865279,1.3226022578886216,backbone.layers.5.mlp.c_fc,1024,953.2789844367653,1024,96,0,1,0.3113978197074963,21.018526077270508,45.35422612090977,success,4.584596633911133,0.12648212909698486,,0,21.018526077270508,2.2911722660064697
177,Linear,0.05030406200405835,1024,4096,4.0,3.477398003227844,3.182873787091264,0.9890574015823197,True,8.228170394897461,dense,3.7277152758583556,2.8123654397647373,0.9153032767997242,backbone.layers.5.mlp.c_proj,1024,649.1804606812075,1024,114,0,1,0.23202958194640186,8.228170394897461,78.89730396003759,success,2.868478775024414,0.054226748645305634,,0,8.228170394897461,1.3777482509613037
182,Linear,0.12208909847959815,512,1024,2.0,12.159886076308066,0.7434713988974864,0.9870278466182986,True,1.1511749029159546,dense,1.762245423383528,2.3097933761614646,0.06114131285703756,backbone.layers.6.tada.tada_pre_proj,512,204.0766780152917,512,31,0,1,2.0043747093197104,1.1511749029159546,177.2768651387034,success,1.0729281902313232,0.1821122169494629,under-trained,0,1.1511749029159546,0.9293739795684814
183,TAdaConv2dV2,0.06897420575213181,1,1,1.0,6.7246293127381405,-15.689610115826097,1.0055535794976609,True,0.0046434830874204636,conv2d,-15.085147899044467,-0.04449619784637133,-2.33315613190842,backbone.layers.6.tada.tadaconv,1536,0.9026176096570269,1536,46,0,512,0.8440505441317758,0.0046434830874204636,194.3837401071373,success,0.06814310699701309,0.03327523171901703,under-trained,68,0.0046434830874204636,0.002321750158444047
199,Linear,0.032399747071824136,512,1024,2.0,2.888906090963637,-4.359453924773476,0.9069027284209658,True,0.03097185678780079,dense,-3.775355372693294,-0.03771860606334557,-1.5090327575581788,backbone.layers.6.tada.tada_proj,512,0.9168143324204721,512,47,0,1,0.2755252708987322,0.03097185678780079,29.60152950150497,success,0.17598822712898254,0.007861064746975899,,0,0.03097185678780079,0.004551575519144535
201,NonDynamicallyQuantizableLinear,0.04841688955952095,1024,1024,1.0,3.722696093271955,0.9315614301847572,0.9616509936671426,True,1.779255747795105,dense,1.9176709751229382,2.2970267572495624,0.2502383774674415,backbone.layers.6.attn.out_proj,1024,198.16491131184247,1024,118,0,1,0.25064449157170876,1.779255747795105,111.3751699593569,success,1.3338874578475952,0.00028180386289022863,,3,1.779255747795105,0.48710259795188904
204,Linear,0.02290378442415264,1024,4096,4.0,4.0941606046941414,4.974932951205414,0.9914692844498486,True,16.410768508911133,dense,5.097253588597768,2.9693871595384715,1.215128919344646,backbone.layers.6.mlp.c_fc,1024,931.9382982328534,1024,123,0,1,0.2789910662036928,16.410768508911133,56.788217914767735,success,4.051020622253418,0.1336742639541626,,0,16.410768508911133,1.931128740310669
206,Linear,0.019009762906583516,1024,4096,4.0,3.9311745359833155,3.48527184274963,0.9954793295419351,True,7.701452732086182,dense,3.9043030690823337,2.8215951003006494,0.8865726542659977,backbone.layers.6.mlp.c_proj,1024,663.1245404870715,1024,107,0,1,0.28336733796965624,7.701452732086182,86.10382528536837,success,2.77514910697937,0.05381482094526291,,0,7.701452732086182,1.4401777982711792
211,Linear,0.1240221466042406,512,1024,2.0,7.479860417908394,0.550100619191934,0.9866521462070253,True,1.1845250129699707,dense,1.769829638428241,2.3103512847674543,0.07354423591580331,backbone.layers.7.tada.tada_pre_proj,512,204.3390099182725,512,60,0,1,0.8365463828102614,1.1845250129699707,172.50712959275666,success,1.0883588790893555,0.1879713535308838,under-trained,0,1.1845250129699707,0.8099753856658936
212,TAdaConv2dV2,0.05202323174409426,1,1,1.0,6.550136983618094,-15.316220155376973,1.0056816430131676,True,0.00458875298500061,conv2d,-14.755603416887029,-0.06037777229682154,-2.338305319977715,backbone.layers.7.tada.tadaconv,1536,0.8702063091962582,1536,54,0,512,0.7552779784674494,0.00458875298500061,189.63895246502193,success,0.06774033606052399,0.02168775163590908,under-trained,46,0.00458875298500061,0.002143815392628312
228,Linear,0.03995781761407746,512,1024,2.0,2.7625944602798356,-3.7102892623166617,0.9060608805033912,True,0.045389436185359955,dense,-3.070370862201749,0.15261645210831645,-1.3430452119059233,backbone.layers.7.tada.tada_proj,512,1.4210732096107677,512,56,0,1,0.23553659222117412,0.045389436185359955,31.308456967992143,success,0.21304796636104584,0.009480232372879982,,0,0.045389436185359955,0.006242902018129826
230,NonDynamicallyQuantizableLinear,0.05003003600537259,1024,1024,1.0,4.650298778468514,1.3472930880990523,0.9551135981560275,True,1.9485961198806763,dense,2.138213391443225,2.3054919791166797,0.28972183343083113,backbone.layers.7.attn.out_proj,1024,202.06541126589255,1024,51,1,1,0.5111440680241232,1.9485961198806763,103.6979439732571,success,1.395921230316162,6.364825094351545e-05,,2,1.9485961198806763,0.7895282506942749
233,Linear,0.025295772975152397,1024,4096,4.0,4.017913332652769,4.973041613904028,0.9980131105995254,True,17.286914825439453,dense,5.061469482820314,2.9786144312263394,1.2377174921840959,backbone.layers.7.mlp.c_fc,1024,951.9506422951818,1024,105,0,1,0.29451818414881886,17.286914825439453,55.06770015979309,success,4.1577534675598145,0.14546670019626617,,0,17.286914825439453,1.9944871664047241
235,Linear,0.036386337710892114,1024,4096,4.0,4.2119759761908755,2.873591518312503,1.0054856348166872,True,4.8110857009887695,dense,3.770734914232229,2.8466986533025778,0.682243093160102,backbone.layers.7.mlp.c_proj,1024,702.5846437972505,1024,89,0,1,0.3404687725393687,4.8110857009887695,146.0345309693519,success,2.1934187412261963,0.053515419363975525,,0,4.8110857009887695,1.5797741413116455
240,Linear,0.08151059454086151,512,1024,2.0,18.920091407619868,2.4037417018445764,0.9862705558960229,True,1.3398218154907227,dense,2.5527747046407665,2.3083345104757633,0.1270470448613422,backbone.layers.8.tada.tada_pre_proj,512,203.3923014253378,512,10,0,1,5.666830472649163,1.3398218154907227,151.80548568008157,success,1.1575067043304443,0.18602971732616425,under-trained,0,1.3398218154907227,1.0723477602005005
241,TAdaConv2dV2,0.06250129585720088,1,1,1.0,6.742391314445344,-16.38560055102135,1.008255625747363,True,0.0037133358418941498,conv2d,-15.582425973307151,-0.06110942152864733,-2.4302357704922524,backbone.layers.8.tada.tadaconv,1536,0.8687415202158839,1536,74,0,512,0.6675394310472879,0.0037133358418941498,233.95177737889287,success,0.060937147587537766,0.0274034570902586,under-trained,67,0.0037133358418941498,0.0019249157048761845
257,Linear,0.03985360789190595,512,1024,2.0,2.7081523804563914,-3.2415081271340345,0.9117121075545705,True,0.06354121118783951,dense,-2.508288940627808,0.3528873878357459,-1.1969445111459198,backbone.layers.8.tada.tada_proj,512,2.25365476575098,512,70,0,1,0.20416325942241267,0.06354121118783951,35.46760792910859,success,0.25207382440567017,0.012594100087881088,,0,0.06354121118783951,0.008464514277875423
259,NonDynamicallyQuantizableLinear,0.09634231518318714,1024,1024,1.0,4.791057272047738,0.5772993334283143,0.9662768297771941,True,1.3197606801986694,dense,1.6964921051603838,2.3107633267519994,0.12049518522694924,backbone.layers.8.attn.out_proj,1024,204.53297094794667,1024,87,0,1,0.4064440021650355,1.3197606801986694,154.97731824921274,success,1.1488083600997925,0.0005092463688924909,,1,1.3197606801986694,0.6108542084693909
262,Linear,0.02071386783419016,1024,4096,4.0,4.3164499802409075,5.372247806859402,1.0049206684363015,True,17.562997817993164,dense,5.407195011641369,2.9843220090308717,1.2445986473726192,backbone.layers.8.mlp.c_fc,1024,964.5439227316529,1024,111,0,1,0.3147835016258875,17.562997817993164,54.91909369501171,success,4.190823078155518,0.16036145389080048,,0,17.562997817993164,1.9462836980819702
264,Linear,0.05517547696102454,1024,4096,4.0,4.085930408493496,2.7658027706386807,1.0133466976001506,True,4.752355575561523,dense,3.6392673851899056,2.8715530083887675,0.676908927496503,backbone.layers.8.mlp.c_proj,1024,743.965863105841,1024,130,0,1,0.27065400117926375,4.752355575561523,156.54675902863946,success,2.179989814758301,0.052997540682554245,,0,4.752355575561523,1.3627910614013672
269,Linear,0.07218471114847025,512,1024,2.0,11.379090754968425,1.6851911169446534,0.9860281188998049,True,1.4063564538955688,dense,2.0897872844852494,2.303866492335622,0.14809541054137848,backbone.layers.9.tada.tada_pre_proj,512,201.31053004786372,512,18,0,1,2.4463751517962593,1.4063564538955688,143.14331867304273,success,1.185899019241333,0.18446506559848785,under-trained,0,1.4063564538955688,0.9939179420471191
270,TAdaConv2dV2,0.03634604755723969,1,1,1.0,6.3064150040440525,-15.526240343658579,1.0079337376107613,True,0.0034516307059675455,conv2d,-14.526906169853099,-0.07208860653575053,-2.4619756761491622,backbone.layers.9.tada.tadaconv,1536,0.8470545769718644,1536,113,0,512,0.4991855330608071,0.0034516307059675455,245.40706962288476,success,0.05875058099627495,0.022409677505493164,under-trained,49,0.0034516307059675455,0.0016619226662442088
286,Linear,0.047139953701080484,512,1024,2.0,2.8876940765999386,-3.0318726406010668,0.9172763780004373,True,0.08913974463939667,dense,-2.334911310031505,0.5228097813252852,-1.0499286143810942,backbone.layers.9.tada.tada_proj,512,3.3328040574415354,512,50,0,1,0.2669602564738989,0.08913974463939667,37.38853045769835,success,0.29856279492378235,0.01505435910075903,,0,0.08913974463939667,0.015825636684894562
288,NonDynamicallyQuantizableLinear,0.07406309699694902,1024,1024,1.0,5.088861853311801,0.6532265427830691,0.9711198521070855,True,1.3438907861709595,dense,1.7139746884225866,2.3221495055155232,0.1283639763885422,backbone.layers.9.attn.out_proj,1024,209.96625663235287,1024,66,0,1,0.5033041019326673,1.3438907861709595,156.23758923937035,success,1.159263014793396,0.00019033424905501306,,2,1.3438907861709595,0.6594306826591492
291,Linear,0.02137346618812097,1024,4096,4.0,4.324102569377293,5.752143135595643,1.0039981180041957,True,21.391996383666992,dense,5.768038974948632,2.989864405906932,1.330251316500108,backbone.layers.9.mlp.c_fc,1024,976.932158568874,1024,69,0,1,0.4001749235590827,21.391996383666992,45.66811535714225,success,4.625148296356201,0.1617610901594162,,0,21.391996383666992,2.306413412094116
293,Linear,0.060175270392844205,1024,4096,4.0,4.87161137012909,3.3856095255698326,1.0146521298119782,True,4.954126358032227,dense,3.99393788826084,2.868419782038491,0.6949670793382928,backbone.layers.9.mlp.c_proj,1024,738.6178212685045,1024,57,0,1,0.5128074533716906,4.954126358032227,149.09143770040671,success,2.2257866859436035,0.053708646446466446,,0,4.954126358032227,1.8463350534439087
298,Linear,0.045831832642292736,512,1024,2.0,9.114390142168975,2.7582917171656853,0.9850071756890983,True,2.0073838233947754,dense,2.803547237316698,2.3017534455134836,0.3026304200435826,backbone.layers.10.tada.tada_pre_proj,512,200.3334386125207,512,30,0,1,1.4814781737545,2.0073838233947754,99.79827289517955,success,1.4168217182159424,0.18658709526062012,under-trained,0,2.0073838233947754,0.9277805685997009
299,TAdaConv2dV2,0.07096979205936482,1,1,1.0,3.973339491899633,-9.734204313161657,1.006184183167263,True,0.0035491157323122025,conv2d,-8.54649150170903,-0.13632753565634761,-2.4498798386109675,backbone.layers.10.tada.tadaconv,1536,0.7305878818238986,1536,224,0,512,0.19866460130808822,0.0035491157323122025,205.85067857111835,success,0.05957445502281189,0.020036546513438225,,52,0.0035491157323122025,0.0010678984690457582
315,Linear,0.050340871423745104,512,1024,2.0,3.0476193034673242,-2.821021327157993,0.9248119596302661,True,0.11867314577102661,dense,-2.1181854303153167,0.6927658121648885,-0.9256475452654054,backbone.layers.10.tada.tada_proj,512,4.929079378751339,512,54,0,1,0.2786456933871137,0.11867314577102661,41.53491800294677,success,0.3444896936416626,0.019037559628486633,,0,0.11867314577102661,0.022890930995345116
317,NonDynamicallyQuantizableLinear,0.07538448530856123,1024,1024,1.0,5.807479247570959,0.831408206475583,0.9739589285735086,True,1.390470027923584,dense,1.5353050792921512,2.3031407537361086,0.14316163192891795,backbone.layers.10.attn.out_proj,1024,200.9744060003354,1024,60,0,1,0.6206429021026696,1.390470027923584,144.5370284611272,success,1.1791819334030151,0.00016307859914377332,,1,1.390470027923584,0.6519537568092346
320,Linear,0.0178206616251807,1024,4096,4.0,4.247098444363711,6.122704169112777,1.00445361316304,True,27.645248413085938,dense,6.128843266834862,3.0001235829710624,1.441620496750709,backbone.layers.10.mlp.c_fc,1024,1000.2846007980406,1024,74,0,1,0.3774675269260103,27.645248413085938,36.18287619815902,success,5.257874965667725,0.16591277718544006,,0,27.645248413085938,2.233966588973999
322,Linear,0.05917547220118785,1024,4096,4.0,4.101441435383014,2.7260577473462138,1.0169310092492874,True,4.620175361633301,dense,3.6690376033485834,2.894091009422472,0.6646584597865018,backbone.layers.10.mlp.c_proj,1024,783.5938330874778,1024,125,0,1,0.27740135511003766,4.620175361633301,169.60261716353244,success,2.1494593620300293,0.0549902580678463,,0,4.620175361633301,1.4224153757095337
327,Linear,0.05238451259972654,512,1024,2.0,7.628082920836578,2.008248569030394,0.9841485871127594,True,1.8334556818008423,dense,2.2813160106218753,2.299791420573555,0.2632704166789718,backbone.layers.11.tada.tada_pre_proj,512,199.43042766675353,512,27,0,1,1.275575152852053,1.8334556818008423,108.77297425093502,success,1.3540515899658203,0.18521806597709656,under-trained,0,1.8334556818008423,0.939495861530304
328,TAdaConv2dV2,0.06879274588619089,1,1,1.0,4.5669223629364035,-11.544659394618169,1.0043659686220006,True,0.00296560931019485,conv2d,-10.296356766641049,-0.15649017340037863,-2.52788606355797,backbone.layers.11.tada.tadaconv,1536,0.6974447774945136,1536,181,0,512,0.26512725124887393,0.00296560931019485,235.17756539842037,success,0.0544574074447155,0.01884971186518669,,74,0.00296560931019485,0.0011591563234105706
344,Linear,0.05663802917550015,512,1024,2.0,2.693663355236356,-1.9902587567588081,0.9271202305061618,True,0.1824454665184021,dense,-1.2382937403280974,0.8782429169499157,-0.7388669236969936,backbone.layers.11.tada.tada_proj,512,7.555146967875771,512,101,0,1,0.16852580261560063,0.1824454665184021,41.41043957983868,success,0.4271363615989685,0.024105949327349663,,0,0.1824454665184021,0.022188618779182434
346,NonDynamicallyQuantizableLinear,0.09064596766094007,1024,1024,1.0,5.423665253933883,0.40659077229641916,0.9750179301299421,True,1.1884093284606934,dense,1.4484775038700763,2.2989364235786645,0.07496605215476959,backbone.layers.11.attn.out_proj,1024,199.03819454072368,1024,70,0,1,0.5287291269620272,1.1884093284606934,167.4828611439218,success,1.0901418924331665,0.0004152563342358917,,2,1.1884093284606934,0.606577455997467
349,Linear,0.02237168360799996,1024,4096,4.0,3.853712727635012,5.802151698103144,1.0033700706653952,True,32.03321075439453,dense,5.822769897370323,3.0045383653036293,1.5056004710719242,backbone.layers.11.mlp.c_fc,1024,1010.5047639459372,1024,147,0,1,0.2353702587842765,32.03321075439453,31.545534779316785,success,5.659789085388184,0.17974528670310974,,0,32.03321075439453,1.6606481075286865
351,Linear,0.06075010875428838,1024,4096,4.0,3.7767372247975315,2.57388433847575,1.018173245203227,True,4.802971839904785,dense,3.539065192493977,2.9027731253696754,0.6815100403533462,backbone.layers.11.mlp.c_proj,1024,799.416532196803,1024,184,0,1,0.20470378407613418,4.802971839904785,166.4420610495711,success,2.191568374633789,0.05629698932170868,,0,4.802971839904785,1.2133322954177856
356,Linear,0.06074269696185952,512,1024,2.0,5.423509098988661,3.916416060191761,0.9782492106883215,True,5.273736953735352,dense,3.9204630768129323,2.297073349381837,0.7221184640258218,backbone.layers.12.tada.tada_pre_proj,512,198.1861720494926,512,64,0,1,0.5529386373735826,5.273736953735352,37.57983642113942,success,2.296461820602417,0.18077528476715088,,0,5.273736953735352,0.7495279312133789
357,TAdaConv2dV2,0.03789512971320774,1,1,1.0,5.413579517213657,-13.257023316832624,0.9945006682715714,True,0.0035575733054429293,conv2d,-12.535658607257332,-0.21667345109999717,-2.4488461423128682,backbone.layers.12.tada.tadaconv,1536,0.6071927102132549,1536,118,0,512,0.4063029277622829,0.0035575733054429293,170.6760924038521,success,0.0596453957259655,0.01646570675075054,,114,0.0035575733054429293,0.0012909924844279885
373,Linear,0.025302661546295013,512,1024,2.0,2.735559987434274,-1.1599689849231574,0.9178451861038164,True,0.3766747713088989,dense,-0.63472434401862,1.0308765075586213,-0.4240334667312892,backbone.layers.12.tada.tada_proj,512,10.73684064875124,512,86,0,1,0.18715024650596251,0.3766747713088989,28.504273358797107,success,0.6137383580207825,0.027918679639697075,,0,0.3766747713088989,0.033606261014938354
375,NonDynamicallyQuantizableLinear,0.07005608917710082,1024,1024,1.0,8.090370107959533,0.8248019502788381,0.9788887796669097,True,1.2645866870880127,dense,1.2860406275713787,2.2725883183573203,0.10194860547447326,backbone.layers.12.attn.out_proj,1024,187.32179828936688,1024,19,0,1,1.6266424617314303,1.2645866870880127,148.12887103905567,success,1.1245384216308594,0.00039061158895492554,under-trained,2,1.2645866870880127,0.7811171412467957
378,Linear,0.025674966866177762,1024,4096,4.0,3.9145216091476347,6.140445376915354,0.9962531171567103,True,37.03670883178711,dense,6.299511681363516,3.013765892081131,1.5686323873052783,backbone.layers.12.mlp.c_fc,1024,1032.2048422321677,1024,134,0,1,0.25177631938172196,37.03670883178711,27.86977770946721,success,6.085779190063477,0.18577715754508972,,0,37.03670883178711,1.7188482284545898
380,Linear,0.04127174451605098,1024,4096,4.0,5.250357277965393,3.4656929213199446,1.0208754478261588,True,4.571798324584961,dense,4.106032348090711,2.898151620313207,0.6600870641441304,backbone.layers.12.mlp.c_proj,1024,790.9547168642748,1024,60,0,1,0.5487187650997152,4.571798324584961,173.0073508734836,success,2.138176441192627,0.05176827684044838,,0,4.571798324584961,1.8115724325180054
385,Linear,0.0556004718897401,512,1024,2.0,5.092970401027505,2.4707743204303156,0.9805941543351894,True,3.055865526199341,dense,2.6558380393911456,2.3039751846458847,0.485134239133186,backbone.layers.13.tada.tada_pre_proj,512,201.36091900244355,512,72,0,1,0.482361187627062,3.055865526199341,65.89325259115094,success,1.748103380203247,0.18145285546779633,,0,3.055865526199341,0.7337321043014526
386,TAdaConv2dV2,0.06666849640329348,1,1,1.0,5.320991258889028,-13.060769478253311,0.9954288825892265,True,0.003510956885293126,conv2d,-12.27636543699072,-0.2387822449625042,-2.4545745036574775,backbone.layers.13.tada.tadaconv,1536,0.5770557263225786,1536,53,0,512,0.5935337961383527,0.003510956885293126,164.35853391984926,success,0.059253327548503876,0.016843736171722412,,86,0.003510956885293126,0.0015587154775857925
402,Linear,0.050055332744253334,512,1024,2.0,3.5450997629412933,-1.7965461516646546,0.9447578847110343,True,0.31133729219436646,dense,-1.2114411244864303,1.182256524021178,-0.5067688561108641,backbone.layers.13.tada.tada_proj,512,15.214459343929775,512,36,0,1,0.42418329382354886,0.31133729219436646,48.86809169789868,success,0.5579760670661926,0.03888480365276337,,0,0.31133729219436646,0.08286648988723755
404,NonDynamicallyQuantizableLinear,0.07554952710731277,1024,1024,1.0,5.2302828616308,0.5075527295267666,0.9788291922101826,True,1.2503775358200073,dense,1.4105778434985574,2.297449045204982,0.09704116258226841,backbone.layers.13.attn.out_proj,1024,198.35769145640438,1024,74,0,1,0.49176039388302734,1.2503775358200073,158.6382398707442,success,1.118202805519104,0.00031162341474555433,,1,1.2503775358200073,0.5648373961448669
407,Linear,0.021616586709080066,1024,4096,4.0,4.23620292650264,6.607078827184614,1.0061040549463987,True,36.28023147583008,dense,6.60831941278282,2.9955157799929006,1.5596700492908966,backbone.layers.13.mlp.c_fc,1024,989.727824755013,1024,100,0,1,0.32362029265026404,36.28023147583008,27.28008572421514,success,6.0233073234558105,0.16808991134166718,,0,36.28023147583008,1.8631986379623413
409,Linear,0.048342832184795737,1024,4096,4.0,5.9035817897798255,3.5980698411387553,1.0248670651484706,True,4.068856239318848,dense,4.238532659655576,2.922526231608338,0.6094723456474626,backbone.layers.13.mlp.c_proj,1024,836.6161262707319,1024,65,0,1,0.6082144658318165,4.068856239318848,205.61457005686364,success,2.0171406269073486,0.050995390862226486,,0,4.068856239318848,1.776431918144226
414,Linear,0.053438541621034286,512,1024,2.0,4.750276126237543,2.667535046457284,0.9772741840933523,True,3.6437928676605225,dense,2.9325973374633607,2.3087250803441055,0.5615536814214852,backbone.layers.14.tada.tada_pre_proj,512,203.57529853656888,512,75,0,1,0.43304458620373437,3.6437928676605225,55.869064441984406,success,1.908872127532959,0.17816562950611115,,0,3.6437928676605225,0.7268300652503967
415,TAdaConv2dV2,0.07144872215971476,1,1,1.0,6.29311377925172,-16.070880968927508,0.9959821607513724,True,0.002794313710182905,conv2d,-15.055227768205388,-0.258253015649097,-2.5537248383960427,backbone.layers.14.tada.tadaconv,1536,0.5517558981236663,1536,46,0,512,0.780427049763314,0.002794313710182905,197.45667643292293,success,0.05286126956343651,0.021652868017554283,under-trained,84,0.002794313710182905,0.001643998664803803
431,Linear,0.037486822647269435,512,1024,2.0,3.453636075587854,-1.023022425538283,0.9504142686131563,True,0.5055730938911438,dense,-0.5232116504661213,1.369242499597918,-0.2962160468410532,backbone.layers.14.tada.tada_proj,512,23.401435538195074,512,64,0,1,0.30670450944848177,0.5055730938911438,46.286948061428475,success,0.7110366225242615,0.050264954566955566,,0,0.5055730938911438,0.09411653131246567
433,NonDynamicallyQuantizableLinear,0.025057977747132976,1024,1024,1.0,6.44807617131232,1.1451891709965236,0.9818485236559527,True,1.5052258968353271,dense,1.4146814122638793,2.286953459846806,0.17760168158240808,backbone.layers.14.attn.out_proj,1024,193.62144629306957,1024,53,0,1,0.7483508153268749,1.5052258968353271,128.63281631026302,success,1.2268764972686768,0.0002190339582739398,under-trained,1,1.5052258968353271,0.5885320901870728
436,Linear,0.017384679984349005,1024,4096,4.0,4.325246719984417,6.895650575472208,1.0060215335763347,True,39.289737701416016,dense,6.896191003349338,2.9933786891285448,1.5942791294682612,backbone.layers.14.mlp.c_fc,1024,984.8695021551102,1024,119,0,1,0.30482486704577044,39.289737701416016,25.066838308763135,success,6.268152713775635,0.15354682505130768,,0,39.289737701416016,1.7303658723831177
438,Linear,0.030030978859579283,1024,4096,4.0,5.918018970849134,3.9053451980550884,1.0261920108010216,True,4.569908618927002,dense,4.460046958698063,2.9560262834051145,0.6599075158920517,backbone.layers.14.mlp.c_proj,1024,903.7041640416719,1024,67,0,1,0.6008316450024068,4.569908618927002,197.75103604891302,success,2.1377344131469727,0.05129959061741829,,0,4.569908618927002,1.8542357683181763
443,Linear,0.05284884417719826,512,1024,2.0,3.9012021920806372,2.7738663852781973,0.9687783745741889,True,5.140775203704834,dense,3.0248815776183986,2.3201361558048466,0.7110286134128323,backbone.layers.15.tada.tada_pre_proj,512,208.99512494541705,512,103,0,1,0.2858639461731479,5.140775203704834,40.654398736361635,success,2.2673277854919434,0.17556193470954895,,0,5.140775203704834,0.6326926946640015
444,TAdaConv2dV2,0.052399664998204365,1,1,1.0,5.338494716310782,-12.463218855315331,0.9871356287005546,True,0.004628132563084364,conv2d,-12.030863014892265,-0.26730926233122254,-2.334594210093769,backbone.layers.15.tada.tadaconv,1536,0.5403693873330138,1536,52,0,512,0.6016409676149277,0.004628132563084364,116.75754312726319,success,0.06803037971258163,0.023341484367847443,,92,0.004628132563084364,0.0017084557330235839
460,Linear,0.034697847729135756,512,1024,2.0,3.5768817392456254,-0.8272371009396194,0.9555551297208257,True,0.5871198177337646,dense,-0.14220367466699127,1.5358867654647606,-0.2312732601313473,backbone.layers.15.tada.tada_proj,512,34.34683829732239,512,62,0,1,0.3272643081486662,0.5871198177337646,58.500560294316806,success,0.7662374377250671,0.06316039711236954,,0,0.5871198177337646,0.13993091881275177
462,NonDynamicallyQuantizableLinear,0.044359568743798206,1024,1024,1.0,6.271833885937638,0.559302318107497,0.9812648241538695,True,1.2279391288757324,dense,1.2447603933449265,2.286547926333562,0.08917683858967215,backbone.layers.15.attn.out_proj,1024,193.44073173182872,1024,49,1,1,0.7531191265625197,1.2279391288757324,157.53283463565313,success,1.1081241369247437,1.6336975022568367e-05,under-trained,2,1.2279391288757324,0.6083168387413025
465,Linear,0.023418480696434096,1024,4096,4.0,4.4029023072502875,6.942953528192205,1.007168081079539,True,37.74885940551758,dense,6.943470000131309,2.988327908267531,1.576903833809621,backbone.layers.15.mlp.c_fc,1024,973.4819609615952,1024,107,0,1,0.3289709829076531,37.74885940551758,25.788380795932227,success,6.144010066986084,0.15836980938911438,,0,37.74885940551758,1.7637544870376587
467,Linear,0.026111748178822114,1024,4096,4.0,6.496962521315499,3.9987529451811743,1.0276413538484532,True,4.12553596496582,dense,4.570490340468034,2.959877482284952,0.6154803774936215,backbone.layers.15.mlp.c_proj,1024,911.7535905782133,1024,63,0,1,0.6925521808401618,4.12553596496582,221.002458425003,success,2.031141519546509,0.05120985954999924,under-trained,0,4.12553596496582,1.866405963897705
472,Linear,0.051428026128563786,512,1024,2.0,3.814146461645203,2.941415697529867,0.9653332769278135,True,5.904536724090576,dense,3.2089883679849134,2.3370886144756127,0.7711858281029695,backbone.layers.16.tada.tada_pre_proj,512,217.31445471942425,512,99,0,1,0.2828323611631337,5.904536724090576,36.80465798997893,success,2.4299252033233643,0.1799800544977188,,0,5.904536724090576,0.6618514657020569
473,TAdaConv2dV2,0.08398126359483377,1,1,1.0,8.56909734288236,-20.847334493146263,0.9814270252688279,True,0.0036910446360707283,conv2d,-20.509658752530157,-0.281801041977314,-2.43285070281789,backbone.layers.16.tada.tadaconv,1536,0.5226355628065371,1536,17,0,512,1.8357757550168203,0.0036910446360707283,141.5955682841334,success,0.060753967612981796,0.018520746380090714,under-trained,107,0.0036910446360707283,0.00227435608394444
489,Linear,0.025809869306820166,512,1024,2.0,3.61049597300968,-0.0690930449043711,0.9548203371067534,True,0.9568927884101868,dense,0.4632818939507123,1.6915755353118724,-0.019136718451115097,backbone.layers.16.tada.tada_proj,512,49.15588678698987,512,60,0,1,0.33701358096026723,0.9568927884101868,51.37031795239995,success,0.9782089591026306,0.07519390434026718,,0,0.9568927884101868,0.20312011241912842
491,NonDynamicallyQuantizableLinear,0.06135718692367309,1024,1024,1.0,8.010690983484032,0.7869527853710344,0.9841856461136953,True,1.2538275718688965,dense,1.1331873913466786,2.3163140880324438,0.09823781581308366,backbone.layers.16.attn.out_proj,1024,207.1639046381777,1024,42,0,1,1.081773104300619,1.2538275718688965,165.22519466483652,success,1.1197444200515747,0.0003988983517047018,under-trained,1,1.2538275718688965,0.6587241888046265
494,Linear,0.028836840812549502,1024,4096,4.0,4.681097456897456,7.255844192802024,1.0097357662784316,True,35.48383712768555,dense,7.256052228108308,2.973397451720245,1.5500305771482616,backbone.layers.16.mlp.c_fc,1024,940.5837074127048,1024,113,0,1,0.34628851962572266,35.48383712768555,26.507384306496927,success,5.956830978393555,0.1746179163455963,,0,35.48383712768555,1.673517107963562
496,Linear,0.03132932249423881,1024,4096,4.0,9.905818186520593,5.613750563060307,1.02986561101942,True,3.687333822250366,dense,5.985580886939428,3.0031893276926196,0.5667124569981766,backbone.layers.16.mlp.c_proj,1024,1007.370729483664,1024,36,0,1,1.4843030310867655,3.687333822250366,273.19759426307365,success,1.9202431440353394,0.05578245967626572,under-trained,0,3.687333822250366,2.2071030139923096
501,Linear,0.04761754018455683,512,1024,2.0,3.2652606994293576,2.6632660533393997,0.9552101562909974,True,6.540885925292969,dense,3.151306769951018,2.38680833720691,0.8156365749922622,backbone.layers.17.tada.tada_pre_proj,512,243.67352013289928,512,122,0,1,0.20508706740363422,6.540885925292969,37.25390152282545,success,2.5575156211853027,0.18944105505943298,,0,6.540885925292969,0.632414698600769
502,TAdaConv2dV2,0.07706244694563857,1,1,1.0,5.476889667784875,-12.411573540358175,0.989265260818138,True,0.005417863838374615,conv2d,-11.69447806730661,-0.06387615004923841,-2.2661719138443095,backbone.layers.17.tada.tadaconv,1536,0.8632246828119355,1536,59,0,512,0.5828413904302153,0.005417863838374615,159.3293424426309,success,0.07360614091157913,0.024333491921424866,,88,0.005417863838374615,0.0023202570155262947
518,Linear,0.03742466382699389,512,1024,2.0,3.4892647047867413,0.6419392201194792,0.9526988382253607,True,1.527479887008667,dense,1.137801861248665,1.8600195351434259,0.18397550040810492,backbone.layers.17.tada.tada_proj,512,72.44685469008982,512,58,0,1,0.3268564688291573,1.527479887008667,47.42900728595895,success,1.235912561416626,0.09026121348142624,,0,1.527479887008667,0.3022156059741974
520,NonDynamicallyQuantizableLinear,0.07232853592593425,1024,1024,1.0,7.45842537553851,0.6099427959153305,0.9818962241550081,True,1.2071994543075562,dense,1.1938765303116532,2.31748919527283,0.08177903045269683,backbone.layers.17.attn.out_proj,1024,207.72520453837902,1024,47,0,1,0.9420581624927112,1.2071994543075562,172.0719834631877,success,1.0987262725830078,0.000137871436891146,under-trained,2,1.2071994543075562,0.6655099391937256
523,Linear,0.040115299931948734,1024,4096,4.0,5.119806582510586,7.743386779217404,1.012341877571756,True,32.54148483276367,dense,7.743467397833849,2.9670583691554713,1.5124373654405319,backbone.layers.17.mlp.c_fc,1024,926.9543976299465,1024,100,0,1,0.4119806582510586,32.54148483276367,28.48531351269697,success,5.704514503479004,0.1681094467639923,,0,32.54148483276367,1.7178058624267578
525,Linear,0.04235940191442944,1024,4096,4.0,8.291191161757661,4.83346785348148,1.0292655069769343,True,3.827932119369507,dense,5.437279359050828,3.018139503961255,0.5829642278392272,backbone.layers.17.mlp.c_proj,1024,1042.6522961086594,1024,52,0,1,1.0111062920356577,3.827932119369507,272.3800379930439,success,1.9565101861953735,0.05540591850876808,under-trained,0,3.827932119369507,2.1644883155822754
530,Linear,0.04010464377341316,512,1024,2.0,2.920674938987382,2.837241118430305,0.9337628653960153,True,9.363395690917969,dense,3.4215378682446804,2.4505649899296436,0.9714333767707801,backbone.layers.18.tada.tada_pre_proj,512,282.20518570020795,512,132,0,1,0.16717329561588823,9.363395690917969,30.13919255531762,success,3.059966564178467,0.1880277544260025,,0,9.363395690917969,0.6415806412696838
531,TAdaConv2dV2,0.05046840244690887,1,1,1.0,5.958000416038317,-13.453049211004837,0.9955130488751466,True,0.005521021317690611,conv2d,-12.569218434348182,0.05080804633983028,-2.25798057596482,backbone.layers.18.tada.tadaconv,1536,1.1241080200556597,1536,84,0,512,0.5409621952885271,0.005521021317690611,203.60508597453904,success,0.07430357486009598,0.022746622562408447,,73,0.005521021317690611,0.0026124182622879744
547,Linear,0.03926432984506378,512,1024,2.0,3.716573463649705,1.0728929652359582,0.9546538545658494,True,1.943918228149414,dense,1.6100394225084849,2.011002386242313,0.28867799216926243,backbone.layers.18.tada.tada_proj,512,102.5657561738044,512,49,0,1,0.3880819233785293,1.943918228149414,52.76238202233729,success,1.39424467086792,0.11062094569206238,,0,1.943918228149414,0.4680411219596863
549,NonDynamicallyQuantizableLinear,0.06896738862501023,1024,1024,1.0,5.502123923445913,0.4998455467926202,0.9819094947394067,True,1.2326674461364746,dense,1.4739226795181606,2.338367649060839,0.0908459267270689,backbone.layers.18.attn.out_proj,1024,217.95540783870103,1024,88,0,1,0.47992802280019997,1.2326674461364746,176.816065453691,success,1.1102555990219116,0.0003669521538540721,,2,1.2326674461364746,0.5804774761199951
552,Linear,0.03826738312859013,1024,4096,4.0,5.105580875546586,7.679191804972133,1.01370261177362,True,31.921110153198242,dense,7.679282564404209,2.9683810274862035,1.5040779868461147,backbone.layers.18.mlp.c_fc,1024,929.7817714121193,1024,122,0,1,0.37170182750550657,31.921110153198242,29.12748857886957,success,5.649877071380615,0.11021839827299118,,0,31.921110153198242,1.607844591140747
554,Linear,0.02665018192882962,1024,4096,4.0,6.6230882633790475,4.090863375117296,1.0276252532135226,True,4.146360397338867,dense,4.923761072339633,3.0246613967172955,0.6176670478237247,backbone.layers.18.mlp.c_proj,1024,1058.4281862394419,1024,73,0,1,0.6581327011309813,4.146360397338867,255.26680867363598,success,2.0362613201141357,0.05807239189743996,under-trained,0,4.146360397338867,2.0989139080047607
559,Linear,0.042493727599450914,512,1024,2.0,2.7102217007084564,3.2293895508024253,0.9115690515041995,True,15.54387092590332,dense,3.747723102219765,2.5240647841238615,1.1915591812869986,backbone.layers.19.tada.tada_pre_proj,512,334.2448959387839,512,151,0,1,0.13917586819765257,15.54387092590332,21.50332420618447,success,3.9425716400146484,0.19429661333560944,,0,15.54387092590332,0.6424909830093384
560,TAdaConv2dV2,0.0659671883609308,1,1,1.0,5.4939851501005945,-11.311836376422194,0.9928063796852117,True,0.008730734698474407,conv2d,-10.63446106092671,0.19206643659912906,-2.0589492085203536,backbone.layers.19.tada.tadaconv,1536,1.5562036750903858,1536,93,0,512,0.4660045517490176,0.008730734698474407,178.24429774075188,success,0.09343840181827545,0.024537699297070503,,80,0.008730734698474407,0.003384470706805587
576,Linear,0.040673969499011975,512,1024,2.0,3.5787958195146152,1.7206326307661806,0.9520610258483077,True,3.0254178047180176,dense,2.1810587745212,2.1510987641907056,0.48078535841129555,backbone.layers.19.tada.tada_proj,512,141.61157864145935,512,49,0,1,0.3683994027878022,3.0254178047180176,46.807280112063125,success,1.7393728494644165,0.12604749202728271,,0,3.0254178047180176,0.6437071561813354
578,NonDynamicallyQuantizableLinear,0.06258222040479067,1024,1024,1.0,8.479886411855382,1.1908189590109566,0.9797715388878936,True,1.3817473649978638,dense,1.666138032473933,2.353993287194946,0.14042864505191027,backbone.layers.19.attn.out_proj,1024,225.94008468331094,1024,20,1,1,1.6725534480885622,1.3817473649978638,163.51765192883886,success,1.1754775047302246,7.478417956008343e-06,under-trained,1,1.3817473649978638,0.8711565136909485
581,Linear,0.02958269017935511,1024,4096,4.0,5.130879421994186,7.585163274448769,1.0153219244363927,True,30.084022521972656,dense,7.585286030217432,2.976871158798791,1.478335905134308,backbone.layers.19.mlp.c_fc,1024,948.1371397860348,1024,110,0,1,0.3938638989555912,30.084022521972656,31.516302020234757,success,5.484890460968018,0.13535550236701965,,0,30.084022521972656,1.6773003339767456
583,Linear,0.033397258779789274,1024,4096,4.0,6.019303129330862,4.346776854885168,1.025346581282944,True,5.273993015289307,dense,4.963012933595667,3.0403122577389388,0.7221395502918257,backbone.layers.19.mlp.c_proj,1024,1097.2668474686798,1024,71,0,1,0.5956816890804878,5.273993015289307,208.0523892025839,success,2.2965176105499268,0.05914561450481415,under-trained,0,5.273993015289307,2.2617576122283936
588,Linear,0.04625315759296866,512,1024,2.0,2.8193356880368285,3.853476211683823,0.9088126792098469,True,23.270349502563477,dense,4.211255560214494,2.600536634487708,1.366802906101292,backbone.layers.20.tada.tada_pre_proj,512,398.59939435869455,512,128,0,1,0.16080807528319183,23.270349502563477,17.129067799982316,success,4.823935031890869,0.20869310200214386,,0,23.270349502563477,0.880503237247467
589,TAdaConv2dV2,0.0624061603773951,1,1,1.0,6.001724267779319,-12.295287371936494,0.9906258704920614,True,0.00894075445830822,conv2d,-11.29951528225403,0.32148571947048304,-2.0486258320703956,backbone.layers.20.tada.tadaconv,1536,2.096455843215795,1536,121,0,512,0.4547022061617563,0.00894075445830822,234.4831024039205,success,0.09455556422472,0.025388959795236588,under-trained,77,0.00894075445830822,0.004206183832138777
605,Linear,0.03819064933243144,512,1024,2.0,3.388605863565414,2.3207957383310127,0.9412171057430314,True,4.840410232543945,dense,2.792165551070778,2.2838714995065685,0.6848821703593242,backbone.layers.20.tada.tada_proj,512,192.25228023156524,512,46,0,1,0.352180721007142,4.840410232543945,39.718179037590446,success,2.2000932693481445,0.13660383224487305,,0,4.840410232543945,0.9272444248199463
607,NonDynamicallyQuantizableLinear,0.06669916079404381,1024,1024,1.0,4.869954119907182,1.1244789165798645,0.97552572750924,True,1.701771855354309,dense,1.984257915807082,2.3872285418000176,0.23090133682846614,backbone.layers.20.attn.out_proj,1024,243.9094022083598,1024,82,0,1,0.42736493930098973,1.701771855354309,143.32673409831298,success,1.304519772529602,0.0004646891029551625,,2,1.701771855354309,0.6861594915390015
610,Linear,0.026987856915083264,1024,4096,4.0,4.987864244579669,7.5758705013332595,1.0149563103460633,True,33.02635192871094,dense,7.576007054895029,2.9934926287460937,1.5188606044292379,backbone.layers.20.mlp.c_fc,1024,985.1279221456498,1024,125,0,1,0.35668542143683946,33.02635192871094,29.828541895032746,success,5.746855735778809,0.141780823469162,,0,33.02635192871094,1.6615296602249146
612,Linear,0.047616543384632504,1024,4096,4.0,6.134003155008756,5.725778829898781,1.0212809731337473,True,8.579242706298828,dense,5.920105192537103,3.1034740075827694,0.933448954166801,backbone.layers.20.mlp.c_proj,1024,1269.0361906704493,1024,35,0,1,0.8678049220490556,8.579242706298828,147.9193716875186,success,2.929034471511841,0.06325902044773102,under-trained,0,8.579242706298828,3.307563304901123
617,Linear,0.031593878804601294,512,1024,2.0,2.4107849464740365,3.59521471410682,0.8656768283692312,True,30.995925903320312,dense,4.154612341974886,2.711659888669671,1.4913046140283501,backbone.layers.21.tada.tada_pre_proj,512,514.8253088071942,512,149,0,1,0.11557600611392767,30.995925903320312,16.60945088115744,success,5.567398548126221,0.20902039110660553,,0,30.995925903320312,0.8384318351745605
618,TAdaConv2dV2,0.03977280282540552,1,1,1.0,4.779349990927525,-8.520696041834269,0.9897684111234758,True,0.016488652676343918,conv2d,-7.64159026428597,0.4660901856365871,-1.7828148300519553,backbone.layers.21.tada.tadaconv,1536,2.924759670678638,1536,74,0,512,0.43934051243179956,0.016488652676343918,177.3801491297562,success,0.12840814888477325,0.027764851227402687,,56,0.016488652676343918,0.006041920278221369
634,Linear,0.024093345215652734,512,1024,2.0,2.9222254514245782,3.207744288736348,0.9165465930167574,True,12.522930145263672,dense,3.488078674752923,2.4557639698620664,1.0977059580302335,backbone.layers.21.tada.tada_proj,512,285.60379235073924,512,58,0,1,0.25240056717873127,12.522930145263672,22.806466940068187,success,3.5387752056121826,0.14479884505271912,,0,12.522930145263672,1.1893465518951416
636,NonDynamicallyQuantizableLinear,0.05310737434807111,1024,1024,1.0,5.527529025281202,1.5328463520998894,0.9745811641425042,True,1.8937005996704102,dense,2.20288165510189,2.4098739840280428,0.277311316700306,backbone.layers.21.attn.out_proj,1024,256.96500585022227,1024,53,0,1,0.6219039402066843,1.8937005996704102,135.69463192594745,success,1.3761179447174072,0.0004373177944216877,,2,1.8937005996704102,0.8314642906188965
639,Linear,0.026947652220826707,1024,4096,4.0,4.729917170301494,7.236560907123228,1.0152584903502833,True,33.88091278076172,dense,7.23686634376019,3.0074945774056556,1.5299551020809854,backbone.layers.21.mlp.c_fc,1024,1017.4066627770662,1024,139,0,1,0.31636744524729704,33.88091278076172,30.028903570590067,success,5.820731163024902,0.1784801185131073,,0,33.88091278076172,1.6354068517684937
641,Linear,0.030485768370200172,1024,4096,4.0,5.5275815702242035,5.2111008832790215,1.0186074991849454,True,8.764863967895508,dense,5.682690978752612,3.1269602195136303,0.9427451801616118,backbone.layers.21.mlp.c_proj,1024,1339.5539814010262,1024,53,0,1,0.6219111578096875,8.764863967895508,152.8322614369862,success,2.9605512619018555,0.0686018317937851,,0,8.764863967895508,3.248034715652466
646,Linear,0.023786288295684077,512,1024,2.0,2.210895156263192,3.815825310462531,0.8193389747885225,True,53.20086669921875,dense,4.330033563358345,2.824791789205075,1.7259187074759157,backbone.layers.22.tada.tada_pre_proj,512,668.0235748700798,512,147,0,1,0.09987294920413826,53.20086669921875,12.556629549794339,success,7.2938923835754395,0.20147603750228882,,0,53.20086669921875,0.8951978087425232
647,TAdaConv2dV2,0.030795524372707384,1,1,1.0,4.618993166511173,-7.598815626579812,0.9946172229020959,True,0.022639987990260124,conv2d,-6.902555049754704,0.5721523184207344,-1.6451238078620851,backbone.layers.22.tada.tadaconv,1536,3.7338108933642307,1536,278,0,512,0.21705278623345772,0.022639987990260124,164.92106334025183,success,0.15046590566635132,0.02914324961602688,,43,0.022639987990260124,0.0054672593250870705
663,Linear,0.03261016966774111,512,1024,2.0,2.7667272828296703,3.656827053318149,0.890625869564209,True,20.975666046142578,dense,3.8886089946657796,2.5486653723972004,1.3217157599928422,backbone.layers.22.tada.tada_proj,512,353.72468816675246,512,56,0,1,0.23608886386481037,20.975666046142578,16.863573599456803,success,4.579919815063477,0.13871672749519348,,0,20.975666046142578,1.506704330444336
665,NonDynamicallyQuantizableLinear,0.07082943505153438,1024,1024,1.0,6.454753176382032,2.464482140838863,0.9766665868140025,True,2.4088451862335205,dense,2.5912113337058607,2.3760728401596287,0.3818088892781235,backbone.layers.22.attn.out_proj,1024,237.72389652924787,1024,80,0,1,0.6098599451436562,2.4088451862335205,98.68790982825836,success,1.552045464515686,0.0004630416224244982,under-trained,2,2.4088451862335205,0.6663386225700378
668,Linear,0.022630653205702456,1024,4096,4.0,4.511810243412876,6.842433055618168,1.0139074542893765,True,32.851898193359375,dense,6.843192891426013,3.011752934787238,1.5165604682971627,backbone.layers.22.mlp.c_fc,1024,1027.4316376149654,1024,104,0,1,0.3443613261384093,32.851898193359375,31.274650602157553,success,5.7316575050354,0.20175743103027344,,0,32.851898193359375,1.8325629234313965
670,Linear,0.035136017250681745,1024,4096,4.0,5.055970509648068,5.2260725483358765,1.0156830170940825,True,10.805473327636719,dense,5.483886940006181,3.10935015776824,1.0336437956596485,backbone.layers.22.mlp.c_proj,1024,1286.3233633963391,1024,49,0,1,0.5794243585211526,10.805473327636719,119.04368502824974,success,3.287168025970459,0.07165924459695816,,0,10.805473327636719,3.2553060054779053
675,Linear,0.035749388496874146,512,1024,2.0,1.8522132046768347,3.216789727826314,0.7615621173493639,True,54.541561126708984,dense,4.077721435842638,2.9636668649680447,1.7367275644639213,backbone.layers.23.tada.tada_pre_proj,512,919.7437916081399,512,219,0,1,0.05758723167657488,54.541561126708984,16.86317319505073,success,7.385225772857666,0.17311330139636993,over-trained,0,54.541561126708984,0.45598354935646057
676,TAdaConv2dV2,0.02924790599964991,1,1,1.0,3.6914428271627493,-5.60923036947441,0.9868760649520641,True,0.030232740566134453,conv2d,-4.498579383223454,0.6812606111843464,-1.519522482699719,backbone.layers.23.tada.tadaconv,1536,4.800214132023731,1536,344,0,512,0.14511287198573092,0.030232740566134453,158.77535552965202,success,0.17387564480304718,0.0351654477417469,,27,0.030232740566134453,0.006077722180634737
692,Linear,0.04355720037229871,512,1024,2.0,3.118504239499816,4.944178375641223,0.8723761486075069,True,38.49750900268555,dense,5.073580361291659,2.726306867882562,1.585432629212725,backbone.layers.23.tada.tada_proj,512,532.4843741925433,512,42,0,1,0.3268923010637155,38.49750900268555,13.831657891304026,success,6.204636096954346,0.10947310924530029,,0,38.49750900268555,3.02010178565979
694,NonDynamicallyQuantizableLinear,0.08571741951109235,1024,1024,1.0,7.315858939821975,5.014150027893176,0.9742928728094997,True,4.845972061157227,dense,5.014728396079452,2.515109762543724,0.6853809059384612,backbone.layers.23.attn.out_proj,1024,327.42343663498093,1024,84,2,1,0.6891167064380416,4.845972061157227,67.56610077458673,success,2.201356887817383,3.795920201810077e-05,under-trained,3,4.845972061157227,0.8714330196380615
697,Linear,0.033328375292258405,1024,4096,4.0,3.9417756797153127,5.9840929251080475,1.0006694526948887,True,32.97016525268555,dense,6.004047099977072,3.0564002231177447,1.5181211239144479,backbone.layers.23.mlp.c_fc,1024,1138.6761469421908,1024,42,0,1,0.4539258422170827,32.97016525268555,34.5365617131519,success,5.741965293884277,0.09960862249135971,,0,32.97016525268555,3.2476308345794678
699,Linear,0.021286580236001995,1024,4096,4.0,3.698859530960947,5.102920935892629,0.9667177678016133,True,23.965862274169922,dense,5.1837552077213935,2.9668424964670357,1.3795930592062557,backbone.layers.23.mlp.c_proj,1024,926.4937553191558,1024,48,0,1,0.3895468191763225,23.965862274169922,38.65889508668829,success,4.895493984222412,0.058985427021980286,,0,23.965862274169922,2.910487174987793
706,Linear,0.10994813757002664,9,1024,113.77777777777777,2.0013650648140393,1.8687680604756296,0.8805131992586522,True,8.585126876831055,dense,2.130124639782908,1.438805579557358,0.9337467178429387,head.linear1,9,27.466642796993256,9,9,0,1,0.3337883549380131,8.585126876831055,3.199328698463191,success,2.9300386905670166,0.9816831350326538,,0,8.585126876831055,0.9637017846107483
